{
    "Format": "OpenCV",
    "Matrix1": [
        [
            604.093637992314,
            0.0,
            638.2755656681884
        ],
        [
            0.0,
            604.496660984633,
            370.2954491401152
        ],
        [
            0.0,
            0.0,
            1.0
        ]
    ],
    "Matrix2": [
        [
            1249.9145266127932,
            0.0,
            469.8753920866311
        ],
        [
            0.0,
            1253.4275775780002,
            418.6849222590085
        ],
        [
            0.0,
            0.0,
            1.0
        ]
    ],
    "Dist1": [
        [
            0.6644644177967379,
            -3.031471203298848,
            0.0034218980401560647,
            -0.0003480212779183065,
            1.8498702852324254,
            0.5581756559136409,
            -2.8719749592606947,
            1.7764723086510092
        ]
    ],
    "Dist2": [
        [
            -11.834333465402244,
            74.51073224726764,
            0.010957562185388079,
            -0.009139644921330351,
            18.147895745131986,
            -11.77367672125563,
            73.71599377292648,
            23.227251060308454
        ]
    ],
    "R1": [
        [
            0.997191752717872,
            0.07356333292018234,
            -0.014037249058587766
        ],
        [
            -0.07340570887637606,
            0.9972366302789559,
            0.011432634614551223
        ],
        [
            0.014839481655877517,
            -0.010370114731647447,
            0.9998361118226514
        ]
    ],
    "R2": [
        [
            0.9978175815226087,
            0.05230149298018997,
            -0.04030667235601606
        ],
        [
            -0.05273832441573777,
            0.9985597765546299,
            -0.009850978884763793
        ],
        [
            0.03973340083849458,
            0.011955186289255744,
            0.999138794351714
        ]
    ],
    "P1": [
        [
            497.1792911563534,
            0.0,
            606.7705307006836,
            0.0
        ],
        [
            0.0,
            497.1792911563534,
            397.6034698486328,
            0.0
        ],
        [
            0.0,
            0.0,
            1.0,
            0.0
        ]
    ],
    "P2": [
        [
            497.1792911563534,
            0.0,
            606.7705307006836,
            117102.0887370283
        ],
        [
            0.0,
            497.1792911563534,
            397.6034698486328,
            0.0
        ],
        [
            0.0,
            0.0,
            1.0,
            0.0
        ]
    ],
    "ROI1": [
        108,
        142,
        971,
        495
    ],
    "ROI2": [
        405,
        230,
        508,
        263
    ]
}