{
    "Format": "OpenCV",
    "Matrix1": [
        [
            604.093637992314,
            0.0,
            638.2755656681884
        ],
        [
            0.0,
            604.496660984633,
            370.2954491401152
        ],
        [
            0.0,
            0.0,
            1.0
        ]
    ],
    "Matrix2": [
        [
            1249.9145266127932,
            0.0,
            469.8753920866311
        ],
        [
            0.0,
            1253.4275775780002,
            418.6849222590085
        ],
        [
            0.0,
            0.0,
            1.0
        ]
    ],
    "Dist1": [
        [
            0.6644644177967379,
            -3.031471203298848,
            0.0034218980401560647,
            -0.0003480212779183065,
            1.8498702852324254,
            0.5581756559136409,
            -2.8719749592606947,
            1.7764723086510092
        ]
    ],
    "Dist2": [
        [
            -11.834333465402244,
            74.51073224726764,
            0.010957562185388079,
            -0.009139644921330351,
            18.147895745131986,
            -11.77367672125563,
            73.71599377292648,
            23.227251060308454
        ]
    ],
    "R1": [
        [
            0.9980737359335727,
            -0.03708928912641958,
            0.04973130072397102
        ],
        [
            0.03652773407929475,
            0.9992587302375857,
            0.012153793111621
        ],
        [
            -0.05014521196119845,
            -0.010313809968416632,
            0.9986886817428653
        ]
    ],
    "R2": [
        [
            0.9970162448878548,
            -0.06207829672001503,
            0.045879107511625744
        ],
        [
            0.06259040010566325,
            0.9979910882583076,
            -0.009809667252850788
        ],
        [
            -0.045177972999400226,
            0.012651989303680054,
            0.9988988326764253
        ]
    ],
    "P1": [
        [
            519.1788840621581,
            0.0,
            489.2616081237793,
            0.0
        ],
        [
            0.0,
            519.1788840621581,
            388.94396209716797,
            0.0
        ],
        [
            0.0,
            0.0,
            1.0,
            0.0
        ]
    ],
    "P2": [
        [
            519.1788840621581,
            0.0,
            489.2616081237793,
            138394.91948821666
        ],
        [
            0.0,
            519.1788840621581,
            388.94396209716797,
            0.0
        ],
        [
            0.0,
            0.0,
            1.0,
            0.0
        ]
    ],
    "ROI1": [
        24,
        93,
        1044,
        558
    ],
    "ROI2": [
        330,
        214,
        537,
        279
    ]
}