{
    "Format": "OpenCV",
    "Matrix1": [
        [
            1249.9145266127932,
            0.0,
            469.8753920866311
        ],
        [
            0.0,
            1253.4275775780002,
            418.6849222590085
        ],
        [
            0.0,
            0.0,
            1.0
        ]
    ],
    "Matrix2": [
        [
            600.461304,
            0.0,
            638.350037
        ],
        [
            0.0,
            600.208557,
            365.869995
        ],
        [
            0.0,
            0.0,
            1.0
        ]
    ],
    "Dist1": [
        [
            -11.834333465402244,
            74.51073224726764,
            0.010957562185388079,
            -0.009139644921330351,
            18.147895745131986,
            -11.77367672125563,
            73.71599377292648,
            23.227251060308454
        ]
    ],
    "Dist2": [
        [
            0.689488,
            -2.743512,
            0.001369,
            -0.000281,
            1.547884,
            0.56786,
            -2.581621,
            1.483074
        ]
    ],
    "R1": [
        [
            0.9951481686656524,
            -0.05733246366848384,
            -0.07995693222666961
        ],
        [
            0.05629287321481234,
            0.9982986222430367,
            -0.01519780421231311
        ],
        [
            0.0806922228385073,
            0.010623061581141275,
            0.9966824548149847
        ]
    ],
    "R2": [
        [
            0.9951305135998427,
            -0.04144754859538003,
            -0.08942796887969007
        ],
        [
            0.04260144394824392,
            0.9990312327876626,
            0.01103235642496931
        ],
        [
            0.08888406986652803,
            -0.014788395119029654,
            0.9959321892045491
        ]
    ],
    "P1": [
        [
            1548.8535824227026,
            0.0,
            705.0814819335938,
            0.0
        ],
        [
            0.0,
            1548.8535824227026,
            391.332971572876,
            0.0
        ],
        [
            0.0,
            0.0,
            1.0,
            0.0
        ]
    ],
    "P2": [
        [
            1548.8535824227026,
            0.0,
            705.0814819335938,
            -351496.3050327925
        ],
        [
            0.0,
            1548.8535824227026,
            391.332971572876,
            0.0
        ],
        [
            0.0,
            0.0,
            1.0,
            0.0
        ]
    ],
    "ROI1": [
        0,
        0,
        1024,
        768
    ],
    "ROI2": [
        0,
        0,
        1024,
        768
    ]
}