{
    "Format": "OpenCV",
    "Matrix1": [
        [
            1245.6601927457148,
            0.0,
            483.8558659712187
        ],
        [
            0.0,
            1247.181858231948,
            408.35486588465994
        ],
        [
            0.0,
            0.0,
            1.0
        ]
    ],
    "Matrix2": [
        [
            600.461304,
            0.0,
            638.350037
        ],
        [
            0.0,
            600.208557,
            365.869995
        ],
        [
            0.0,
            0.0,
            1.0
        ]
    ],
    "Dist1": [
        [
            -0.03643203241241167,
            -0.08706190882326119,
            0.005845372895826523,
            -0.006673940187123779,
            0.0
        ]
    ],
    "Dist2": [
        [
            0.689488,
            -2.743512,
            0.001369,
            -0.000281,
            1.547884
        ]
    ],
    "R": [
        [
            0.9974327403164781,
            0.013114225753838658,
            0.07039847745255888
        ],
        [
            -0.011620934046121481,
            0.999699587654857,
            -0.02157981312719392
        ],
        [
            -0.07066033142192853,
            0.020706316079550972,
            0.9972854987603885
        ]
    ],
    "T": [
        [
            -360.43551012164045
        ],
        [
            14.985472722002424
        ],
        [
            10.82779368592202
        ]
    ],
    "E": [
        [
            -0.9330493927618504,
            -10.514246948244836,
            15.178456402044393
        ],
        [
            -14.668496673696328,
            7.605289729686051,
            360.2193676722746
        ],
        [
            -10.758403831040976,
            -360.5237537170763,
            6.72317648929399
        ]
    ],
    "F": [
        [
            1.1061768302088086e-08,
            1.2449958312060942e-07,
            -0.0002803466337796928
        ],
        [
            1.7397561164646527e-07,
            -9.009243600902096e-08,
            -0.005369322535353161
        ],
        [
            5.87286369121461e-06,
            0.0025168420824160024,
            1.0
        ]
    ],
    "frameSize": [
        1024,
        768
    ],
    "Error": 4.253994540948644
}