{
    "Format": "OpenCV",
    "Matrix1": [
        [
            1249.9145266127932,
            0.0,
            469.8753920866311
        ],
        [
            0.0,
            1253.4275775780002,
            418.6849222590085
        ],
        [
            0.0,
            0.0,
            1.0
        ]
    ],
    "Matrix2": [
        [
            600.461304,
            0.0,
            638.350037
        ],
        [
            0.0,
            600.208557,
            365.869995
        ],
        [
            0.0,
            0.0,
            1.0
        ]
    ],
    "Dist1": [
        [
            -11.834333465402244,
            74.51073224726764,
            0.010957562185388079,
            -0.009139644921330351,
            18.147895745131986,
            -11.77367672125563,
            73.71599377292648,
            23.227251060308454
        ]
    ],
    "Dist2": [
        [
            0.689488,
            -2.743512,
            0.001369,
            -0.000281,
            1.547884,
            0.56786,
            -2.581621,
            1.483074
        ]
    ],
    "R1": [
        [
            0.9921102708477654,
            0.02751077255572998,
            -0.1223125826387481
        ],
        [
            -0.028208355693880215,
            0.9995941616936668,
            -0.003974993960118572
        ],
        [
            0.12215358835261951,
            0.007393869171302374,
            0.9924836681534143
        ]
    ],
    "R2": [
        [
            0.9910368434149831,
            0.03316380086869315,
            -0.1294068673062138
        ],
        [
            -0.032424543629363034,
            0.9994436255097285,
            0.007815906754629329
        ],
        [
            0.1295940738015975,
            -0.003549892943624188,
            0.9915607769045702
        ]
    ],
    "P1": [
        [
            485.8547678137486,
            0.0,
            764.8317489624023,
            0.0
        ],
        [
            0.0,
            485.8547678137486,
            380.2068386077881,
            0.0
        ],
        [
            0.0,
            0.0,
            1.0,
            0.0
        ]
    ],
    "P2": [
        [
            485.8547678137486,
            0.0,
            764.8317489624023,
            -109475.58102237502
        ],
        [
            0.0,
            485.8547678137486,
            380.2068386077881,
            0.0
        ],
        [
            0.0,
            0.0,
            1.0,
            0.0
        ]
    ],
    "ROI1": [
        517,
        212,
        400,
        290
    ],
    "ROI2": [
        132,
        110,
        842,
        554
    ]
}