{
    "Format": "OpenCV",
    "Matrix1": [
        [
            1234.834819625275,
            0.0,
            482.2078104952552
        ],
        [
            0.0,
            1234.7698787760387,
            396.90022822345065
        ],
        [
            0.0,
            0.0,
            1.0
        ]
    ],
    "Matrix2": [
        [
            599.1906082912209,
            0.0,
            633.4154468429555
        ],
        [
            0.0,
            599.5903602116772,
            369.72618552161583
        ],
        [
            0.0,
            0.0,
            1.0
        ]
    ],
    "Dist1": [
        -0.03791107252124907,
        -0.07175079152053973,
        0.003924406709457405,
        -0.006085657118065265,
        0.0
    ],
    "Dist2": [
        0.06640906755828462,
        -0.02978842968405564,
        0.002389513299378855,
        -0.002113879410271612,
        0.0
    ],
    "R": [
        [
            0.9994240655950132,
            0.00784412040700438,
            -0.033015252302158335
        ],
        [
            -0.00861592347156869,
            0.9996913858740945,
            -0.023300190382579095
        ],
        [
            0.03282229383006047,
            0.023571227888524966,
            0.9991832135517291
        ]
    ],
    "T": [
        [
            -233.78537003022
        ],
        [
            -6.335026244428346
        ],
        [
            -13.380735480746244
        ]
    ],
    "E": [
        [
            -0.32321748571118514,
            13.227281649474673,
            -6.641625565002775
        ],
        [
            -5.69965694651756,
            5.405648133740201,
            234.03618566606062
        ],
        [
            8.345654541810429,
            -233.6635278539558,
            5.238091140565231
        ]
    ],
    "F": [
        [
            7.780428660340576e-09,
            -3.1842130576299514e-07,
            0.00032005006215011535
        ],
        [
            1.3710956405642652e-07,
            -1.300437985162101e-07,
            -0.006966519267269623
        ],
        [
            -0.00017599562407920132,
            0.0036202201254616276,
            0.9999999999999999
        ]
    ],
    "frameSize": [
        1024,
        768
    ],
    "Error": 3.7121583301153405
}