{
    "Format": "OpenCV",
    "Matrix1": [
        [
            1259.5932189150028,
            0.0,
            488.6222990155541
        ],
        [
            0.0,
            1260.4512868256122,
            385.8120093227992
        ],
        [
            0.0,
            0.0,
            1.0
        ]
    ],
    "Matrix2": [
        [
            600.461304,
            0.0,
            638.350037
        ],
        [
            0.0,
            600.208557,
            365.869995
        ],
        [
            0.0,
            0.0,
            1.0
        ]
    ],
    "Dist1": [
        [
            -0.03030263870790275,
            -0.07307240344549934,
            0.002235943187276967,
            -0.0065470401855559565,
            0.0
        ]
    ],
    "Dist2": [
        [
            0.689488,
            -2.743512,
            0.001369,
            -0.000281,
            1.547884
        ]
    ],
    "R": [
        [
            0.9997915993361814,
            0.007080728237782087,
            -0.019147354501941865
        ],
        [
            -0.007901722793586084,
            0.9990374583469888,
            -0.04314764879436483
        ],
        [
            0.018823407600476596,
            0.04328995388321875,
            0.9988852082292013
        ]
    ],
    "T": [
        [
            -210.959156943634
        ],
        [
            -2.871805511791372
        ],
        [
            -14.328284334105838
        ]
    ],
    "E": [
        [
            -0.1672752966135308,
            14.190172435451052,
            -3.4868358269132913
        ],
        [
            -10.354328111936294,
            9.030957487849149,
            210.99833015104838
        ],
        [
            4.538147804553574,
            -210.73576549361087,
            9.047404135564312
        ]
    ],
    "F": [
        [
            4.482887484327925e-09,
            -3.800300605816982e-07,
            0.00026213280688232337
        ],
        [
            2.776072444526692e-07,
            -2.419618621410142e-07,
            -0.007167840224497382
        ],
        [
            -0.0001774578604002629,
            0.0037199781990072756,
            1.0
        ]
    ],
    "frameSize": [
        1024,
        768
    ],
    "Error": 5.09376016975636
}