{
    "Error": 2.736135133165056,
    "Rotation": [
        [
            0.9997752561116193,
            0.002931847427994165,
            -0.020996226746845727
        ],
        [
            -0.0032137392941000327,
            0.9999049884118317,
            -0.013404701745436768
        ],
        [
            0.02095493132166158,
            0.013469165519568097,
            0.9996896880700085
        ]
    ],
    "Translation": [
        [
            -245.82380131551815
        ],
        [
            4.552331936081298
        ],
        [
            -8.773820252805978
        ]
    ]
}