{
    "Format": "OpenCV",
    "Matrix1": [
        [
            1249.9145266127932,
            0.0,
            469.8753920866311
        ],
        [
            0.0,
            1253.4275775780002,
            418.6849222590085
        ],
        [
            0.0,
            0.0,
            1.0
        ]
    ],
    "Matrix2": [
        [
            600.461304,
            0.0,
            638.350037
        ],
        [
            0.0,
            600.208557,
            365.869995
        ],
        [
            0.0,
            0.0,
            1.0
        ]
    ],
    "Dist1": [
        [
            -11.834333465402244,
            74.51073224726764,
            0.010957562185388079,
            -0.009139644921330351,
            18.147895745131986,
            -11.77367672125563,
            73.71599377292648,
            23.227251060308454
        ]
    ],
    "Dist2": [
        [
            0.689488,
            -2.743512,
            0.001369,
            -0.000281,
            1.547884,
            0.56786,
            -2.581621,
            1.483074
        ]
    ],
    "R1": [
        [
            0.99977477943135,
            -0.01509214108093727,
            0.01492037836614062
        ],
        [
            0.015193060796245354,
            0.9998623059890506,
            -0.0066738269306366345
        ],
        [
            -0.014817601581811569,
            0.006899010063159994,
            0.9998664122489119
        ]
    ],
    "R2": [
        [
            0.9991925666575802,
            -0.018503725868480453,
            0.035662681688584615
        ],
        [
            0.018261215162353,
            0.9998079416064362,
            0.0071139244791743605
        ],
        [
            -0.03578746647964103,
            -0.006456936555772676,
            0.9993385638577565
        ]
    ],
    "P1": [
        [
            1541.9033931401596,
            0.0,
            551.7422637939453,
            0.0
        ],
        [
            0.0,
            1541.9033931401596,
            387.7990894317627,
            0.0
        ],
        [
            0.0,
            0.0,
            1.0,
            0.0
        ]
    ],
    "P2": [
        [
            1541.9033931401596,
            0.0,
            551.7422637939453,
            -379342.84742623026
        ],
        [
            0.0,
            1541.9033931401596,
            387.7990894317627,
            0.0
        ],
        [
            0.0,
            0.0,
            1.0,
            0.0
        ]
    ],
    "ROI1": [
        0,
        0,
        1024,
        768
    ],
    "ROI2": [
        0,
        0,
        1024,
        768
    ]
}