{
    "Format": "OpenCV",
    "Matrix1": [
        [
            604.093637992314,
            0.0,
            638.2755656681884
        ],
        [
            0.0,
            604.496660984633,
            370.2954491401152
        ],
        [
            0.0,
            0.0,
            1.0
        ]
    ],
    "Matrix2": [
        [
            1249.9145266127932,
            0.0,
            469.8753920866311
        ],
        [
            0.0,
            1253.4275775780002,
            418.6849222590085
        ],
        [
            0.0,
            0.0,
            1.0
        ]
    ],
    "Dist1": [
        [
            0.6644644177967379,
            -3.031471203298848,
            0.0034218980401560647,
            -0.0003480212779183065,
            1.8498702852324254,
            0.5581756559136409,
            -2.8719749592606947,
            1.7764723086510092
        ]
    ],
    "Dist2": [
        [
            -11.834333465402244,
            74.51073224726764,
            0.010957562185388079,
            -0.009139644921330351,
            18.147895745131986,
            -11.77367672125563,
            73.71599377292648,
            23.227251060308454
        ]
    ],
    "R1": [
        [
            0.9998774865946104,
            -0.007754559349869794,
            -0.013597007410969596
        ],
        [
            0.007984419388627956,
            0.9998247424859125,
            0.016933202886800728
        ],
        [
            0.013463314906482626,
            -0.01703969255205036,
            0.999764166205941
        ]
    ],
    "R2": [
        [
            0.9979684049186454,
            -0.03024774228621397,
            -0.05607260356646125
        ],
        [
            0.029290385798902516,
            0.9994121298710358,
            -0.017817630773799487
        ],
        [
            0.05657858326156806,
            0.016139044371547492,
            0.9982676971448525
        ]
    ],
    "P1": [
        [
            558.0984813372856,
            0.0,
            612.4515380859375,
            0.0
        ],
        [
            0.0,
            558.0984813372856,
            393.0034008026123,
            0.0
        ],
        [
            0.0,
            0.0,
            1.0,
            0.0
        ]
    ],
    "P2": [
        [
            558.0984813372856,
            0.0,
            612.4515380859375,
            128817.23892403254
        ],
        [
            0.0,
            558.0984813372856,
            393.0034008026123,
            0.0
        ],
        [
            0.0,
            0.0,
            1.0,
            0.0
        ]
    ],
    "ROI1": [
        36,
        82,
        1130,
        631
    ],
    "ROI2": [
        369,
        200,
        572,
        312
    ]
}