{
    "Format": "OpenCV",
    "Matrix1": [
        [
            604.093637992314,
            0.0,
            638.2755656681884
        ],
        [
            0.0,
            604.496660984633,
            370.2954491401152
        ],
        [
            0.0,
            0.0,
            1.0
        ]
    ],
    "Matrix2": [
        [
            1249.9145266127932,
            0.0,
            469.8753920866311
        ],
        [
            0.0,
            1253.4275775780002,
            418.6849222590085
        ],
        [
            0.0,
            0.0,
            1.0
        ]
    ],
    "Dist1": [
        [
            0.6644644177967379,
            -3.031471203298848,
            0.0034218980401560647,
            -0.0003480212779183065,
            1.8498702852324254,
            0.5581756559136409,
            -2.8719749592606947,
            1.7764723086510092
        ]
    ],
    "Dist2": [
        [
            -11.834333465402244,
            74.51073224726764,
            0.010957562185388079,
            -0.009139644921330351,
            18.147895745131986,
            -11.77367672125563,
            73.71599377292648,
            23.227251060308454
        ]
    ],
    "R1": [
        [
            0.9829324325408184,
            0.02927345706167818,
            -0.18162295496728234
        ],
        [
            -0.02701189756152285,
            0.9995238578978249,
            0.014913580494777277
        ],
        [
            0.18197304868995073,
            -0.009753061299227452,
            0.9832551486495142
        ]
    ],
    "R2": [
        [
            0.9745255237622203,
            0.005450776906720812,
            -0.2242103756900721
        ],
        [
            -0.008245344043977646,
            0.9998995355988085,
            -0.011529657882325253
        ],
        [
            0.22412500493601012,
            0.013084637572366328,
            0.9744725621699327
        ]
    ],
    "P1": [
        [
            439.16072452720965,
            0.0,
            883.3947486877441,
            0.0
        ],
        [
            0.0,
            439.16072452720965,
            392.0177974700928,
            0.0
        ],
        [
            0.0,
            0.0,
            1.0,
            0.0
        ]
    ],
    "P2": [
        [
            439.16072452720965,
            0.0,
            883.3947486877441,
            104173.00294782074
        ],
        [
            0.0,
            439.16072452720965,
            392.0177974700928,
            0.0
        ],
        [
            0.0,
            0.0,
            1.0,
            0.0
        ]
    ],
    "ROI1": [
        241,
        164,
        946,
        431
    ],
    "ROI2": [
        595,
        245,
        458,
        235
    ]
}