{
    "Error": 3.3897459643237435,
    "Rotation": [
        [
            0.9992813616244155,
            -0.0012896860575696096,
            -0.03788267440304581
        ],
        [
            0.0006942370469470307,
            0.9998760790538799,
            -0.015727192081294628
        ],
        [
            0.03789826308654419,
            0.015689590361516795,
            0.9991584250804829
        ]
    ],
    "Translation": [
        [
            -218.1290961634645
        ],
        [
            16.045205780501004
        ],
        [
            -21.355348602094946
        ]
    ]
}