{
    "Format": "OpenCV",
    "Matrix1": [
        [
            1249.9145266127932,
            0.0,
            469.8753920866311
        ],
        [
            0.0,
            1253.4275775780002,
            418.6849222590085
        ],
        [
            0.0,
            0.0,
            1.0
        ]
    ],
    "Matrix2": [
        [
            600.461304,
            0.0,
            638.350037
        ],
        [
            0.0,
            600.208557,
            365.869995
        ],
        [
            0.0,
            0.0,
            1.0
        ]
    ],
    "Dist1": [
        [
            -11.834333465402244,
            74.51073224726764,
            0.010957562185388079,
            -0.009139644921330351,
            18.147895745131986,
            -11.77367672125563,
            73.71599377292648,
            23.227251060308454
        ]
    ],
    "Dist2": [
        [
            0.689488,
            -2.743512,
            0.001369,
            -0.000281,
            1.547884,
            0.56786,
            -2.581621,
            1.483074
        ]
    ],
    "R1": [
        [
            0.9955042604967682,
            -0.07275931622499476,
            0.06064115133515958
        ],
        [
            0.07327603751122957,
            0.9972915569387112,
            -0.0063382004870703645
        ],
        [
            -0.060015745096061134,
            0.010753248868720543,
            0.9981395082749364
        ]
    ],
    "R2": [
        [
            0.9925854406163555,
            -0.07301289891873755,
            0.0971764357646323
        ],
        [
            0.07217729350770043,
            0.9973185246618215,
            0.012091264130401715
        ],
        [
            -0.09779867779443012,
            -0.004987680608267455,
            0.9951937206714133
        ]
    ],
    "P1": [
        [
            1666.1804550511347,
            0.0,
            478.88746643066406,
            0.0
        ],
        [
            0.0,
            1666.1804550511347,
            387.6462154388428,
            0.0
        ],
        [
            0.0,
            0.0,
            1.0,
            0.0
        ]
    ],
    "P2": [
        [
            1666.1804550511347,
            0.0,
            478.88746643066406,
            -366157.3319873108
        ],
        [
            0.0,
            1666.1804550511347,
            387.6462154388428,
            0.0
        ],
        [
            0.0,
            0.0,
            1.0,
            0.0
        ]
    ],
    "ROI1": [
        0,
        0,
        1024,
        768
    ],
    "ROI2": [
        0,
        0,
        1024,
        768
    ]
}