{
    "Format": "OpenCV",
    "Matrix1": [
        [
            1249.9145266127932,
            0.0,
            469.8753920866311
        ],
        [
            0.0,
            1253.4275775780002,
            418.6849222590085
        ],
        [
            0.0,
            0.0,
            1.0
        ]
    ],
    "Matrix2": [
        [
            600.461304,
            0.0,
            638.350037
        ],
        [
            0.0,
            600.208557,
            365.869995
        ],
        [
            0.0,
            0.0,
            1.0
        ]
    ],
    "Dist1": [
        [
            -11.834333465402244,
            74.51073224726764,
            0.010957562185388079,
            -0.009139644921330351,
            18.147895745131986,
            -11.77367672125563,
            73.71599377292648,
            23.227251060308454
        ]
    ],
    "Dist2": [
        [
            0.689488,
            -2.743512,
            0.001369,
            -0.000281,
            1.547884,
            0.56786,
            -2.581621,
            1.483074
        ]
    ],
    "R1": [
        [
            0.9917338107129804,
            -0.06175748632970796,
            -0.1124724925079288
        ],
        [
            0.0606123969986052,
            0.9980690570083911,
            -0.013575521075233892
        ],
        [
            0.11309370459399429,
            0.00664607588104283,
            0.9935620985406951
        ]
    ],
    "R2": [
        [
            0.9958709908350324,
            -0.025601471650814927,
            -0.08709497265952411
        ],
        [
            0.026483492371077826,
            0.9996088567113647,
            0.00898655751827939
        ],
        [
            0.08683083694795182,
            -0.011256030983912672,
            0.9961594789597735
        ]
    ],
    "P1": [
        [
            544.3648467748001,
            0.0,
            720.7414398193359,
            0.0
        ],
        [
            0.0,
            544.3648467748001,
            390.13528633117676,
            0.0
        ],
        [
            0.0,
            0.0,
            1.0,
            0.0
        ]
    ],
    "P2": [
        [
            544.3648467748001,
            0.0,
            720.7414398193359,
            -119709.08961689142
        ],
        [
            0.0,
            544.3648467748001,
            390.13528633117676,
            0.0
        ],
        [
            0.0,
            0.0,
            1.0,
            0.0
        ]
    ],
    "ROI1": [
        453,
        216,
        435,
        311
    ],
    "ROI2": [
        72,
        102,
        913,
        634
    ]
}