{
    "Format": "OpenCV",
    "Matrix1": [
        [
            1234.834819625275,
            0.0,
            482.2078104952552
        ],
        [
            0.0,
            1234.7698787760387,
            396.90022822345065
        ],
        [
            0.0,
            0.0,
            1.0
        ]
    ],
    "Matrix2": [
        [
            599.1906082912209,
            0.0,
            633.4154468429555
        ],
        [
            0.0,
            599.5903602116772,
            369.72618552161583
        ],
        [
            0.0,
            0.0,
            1.0
        ]
    ],
    "Dist1": [
        -0.03791107252124907,
        -0.07175079152053973,
        0.003924406709457405,
        -0.006085657118065265,
        0.0
    ],
    "Dist2": [
        0.06640906755828462,
        -0.02978842968405564,
        0.002389513299378855,
        -0.002113879410271612,
        0.0
    ],
    "R": [
        [
            0.9997448102357707,
            0.015707046384793862,
            -0.01623585847773081
        ],
        [
            -0.016425651188817416,
            0.9988466171005662,
            -0.045117995187930894
        ],
        [
            0.015508461872999212,
            0.04537316608548261,
            0.9988497201329702
        ]
    ],
    "T": [
        [
            -261.1374880018485
        ],
        [
            25.674145230044495
        ],
        [
            -12.997745528060918
        ]
    ],
    "E": [
        [
            0.1846700681370496,
            14.147671406263271,
            25.058180557494172
        ],
        [
            -8.944587860156641,
            11.644478422346594,
            261.0481363637964
        ],
        [
            -21.378240160734094,
            -261.2395614788043,
            12.198841715547472
        ]
    ],
    "F": [
        [
            -3.20381962417522e-09,
            -2.45459221562907e-07,
            -0.00043785383131414186
        ],
        [
            1.5507515996417607e-07,
            -2.0189463773838795e-07,
            -0.005583353763977567
        ],
        [
            0.0001669269748591149,
            0.002945926823355017,
            1.0
        ]
    ],
    "frameSize": [
        1024,
        768
    ],
    "Error": 2.6252699344518997
}