{
    "Error": 7.176905566793476,
    "Rotation": [
        [
            0.9997279012619753,
            0.0020056354471275255,
            -0.02324007024041475
        ],
        [
            -0.0022751445585292053,
            0.9999304062668494,
            -0.01157611075670181
        ],
        [
            0.02321523541909452,
            0.011625835430920994,
            0.9996628895757655
        ]
    ],
    "Translation": [
        [
            -214.77472650360528
        ],
        [
            12.96321167594437
        ],
        [
            -55.420192459619365
        ]
    ]
}