{
    "Format": "OpenCV",
    "Matrix1": [
        [
            1249.9145266127932,
            0.0,
            469.8753920866311
        ],
        [
            0.0,
            1253.4275775780002,
            418.6849222590085
        ],
        [
            0.0,
            0.0,
            1.0
        ]
    ],
    "Matrix2": [
        [
            600.461304,
            0.0,
            638.350037
        ],
        [
            0.0,
            600.208557,
            365.869995
        ],
        [
            0.0,
            0.0,
            1.0
        ]
    ],
    "Dist1": [
        [
            -11.834333465402244,
            74.51073224726764,
            0.010957562185388079,
            -0.009139644921330351,
            18.147895745131986,
            -11.77367672125563,
            73.71599377292648,
            23.227251060308454
        ]
    ],
    "Dist2": [
        [
            0.689488,
            -2.743512,
            0.001369,
            -0.000281,
            1.547884,
            0.56786,
            -2.581621,
            1.483074
        ]
    ],
    "R1": [
        [
            0.972294244199193,
            -0.05350077151945306,
            0.2275556418635745
        ],
        [
            0.054864429818799285,
            0.9984937572822237,
            0.00033318025976614325
        ],
        [
            -0.22723071323608118,
            0.0121607612940445,
            0.973765022398613
        ]
    ],
    "R2": [
        [
            0.9666339720180392,
            -0.05834336747353925,
            0.24942897909520473
        ],
        [
            0.0568443726173837,
            0.9982955869335789,
            0.01321508269656646
        ],
        [
            -0.2497748615100498,
            0.001404485951732531,
            0.9683029205661041
        ]
    ],
    "P1": [
        [
            2254.2670046328267,
            0.0,
            263.1169214248657,
            0.0
        ],
        [
            0.0,
            2254.2670046328267,
            381.5360221862793,
            0.0
        ],
        [
            0.0,
            0.0,
            1.0,
            0.0
        ]
    ],
    "P2": [
        [
            2254.2670046328267,
            0.0,
            263.1169214248657,
            -500871.67780306557
        ],
        [
            0.0,
            2254.2670046328267,
            381.5360221862793,
            0.0
        ],
        [
            0.0,
            0.0,
            1.0,
            0.0
        ]
    ],
    "ROI1": [
        0,
        0,
        1024,
        768
    ],
    "ROI2": [
        0,
        0,
        1024,
        768
    ]
}