{
    "Error": 3.867891437699975,
    "Rotation": [
        [
            0.9993451232100462,
            0.0004747908633869681,
            -0.036181477166274276
        ],
        [
            -0.001392231168489477,
            0.9996780313000208,
            -0.0253356552804175
        ],
        [
            0.03615779872546265,
            0.02536943652804896,
            0.9990240263785342
        ]
    ],
    "Translation": [
        [
            -222.41686625870005
        ],
        [
            31.231371162749323
        ],
        [
            -0.41870119179342336
        ]
    ]
}