{
    "Format": "OpenCV",
    "Matrix1": [
        [
            1249.9145266127932,
            0.0,
            469.8753920866311
        ],
        [
            0.0,
            1253.4275775780002,
            418.6849222590085
        ],
        [
            0.0,
            0.0,
            1.0
        ]
    ],
    "Matrix2": [
        [
            600.461304,
            0.0,
            638.350037
        ],
        [
            0.0,
            600.208557,
            365.869995
        ],
        [
            0.0,
            0.0,
            1.0
        ]
    ],
    "Dist1": [
        [
            -11.834333465402244,
            74.51073224726764,
            0.010957562185388079,
            -0.009139644921330351,
            18.147895745131986,
            -11.77367672125563,
            73.71599377292648,
            23.227251060308454
        ]
    ],
    "Dist2": [
        [
            0.689488,
            -2.743512,
            0.001369,
            -0.000281,
            1.547884,
            0.56786,
            -2.581621,
            1.483074
        ]
    ],
    "R1": [
        [
            0.9898955683776219,
            -0.1384915037556618,
            -0.03044449201153242
        ],
        [
            0.13805349553837346,
            0.9902946060115418,
            -0.01605695095842664
        ],
        [
            0.032372767505745456,
            0.011691736053321203,
            0.9994074780749233
        ]
    ],
    "R2": [
        [
            0.9902830809373275,
            -0.13905374613529264,
            0.001864214316008972
        ],
        [
            0.13901423454383133,
            0.9901903731395778,
            0.0140736468584493
        ],
        [
            -0.0038029203866336327,
            -0.013677742044843474,
            0.999899223506593
        ]
    ],
    "P1": [
        [
            1782.915402943007,
            0.0,
            601.5129089355469,
            0.0
        ],
        [
            0.0,
            1782.915402943007,
            397.3322067260742,
            0.0
        ],
        [
            0.0,
            0.0,
            1.0,
            0.0
        ]
    ],
    "P2": [
        [
            1782.915402943007,
            0.0,
            601.5129089355469,
            -400441.514512806
        ],
        [
            0.0,
            1782.915402943007,
            397.3322067260742,
            0.0
        ],
        [
            0.0,
            0.0,
            1.0,
            0.0
        ]
    ],
    "ROI1": [
        0,
        0,
        1024,
        768
    ],
    "ROI2": [
        0,
        0,
        1024,
        768
    ]
}