{
    "Error": 3.095870528568012,
    "Rotation": [
        [
            0.999370328879358,
            0.0040215173764683535,
            -0.035252987867056176
        ],
        [
            -0.004532023601619771,
            0.9998858523814805,
            -0.014413291415721594
        ],
        [
            0.035191000520565036,
            0.014563983155404827,
            0.9992744787479618
        ]
    ],
    "Translation": [
        [
            -219.79813126313547
        ],
        [
            10.902683136635906
        ],
        [
            -24.061979255434718
        ]
    ]
}