{
    "Format": "OpenCV",
    "Matrix1": [
        [
            1249.9145266127932,
            0.0,
            469.8753920866311
        ],
        [
            0.0,
            1253.4275775780002,
            418.6849222590085
        ],
        [
            0.0,
            0.0,
            1.0
        ]
    ],
    "Matrix2": [
        [
            600.461304,
            0.0,
            638.350037
        ],
        [
            0.0,
            600.208557,
            365.869995
        ],
        [
            0.0,
            0.0,
            1.0
        ]
    ],
    "Dist1": [
        [
            -11.834333465402244,
            74.51073224726764,
            0.010957562185388079,
            -0.009139644921330351,
            18.147895745131986,
            -11.77367672125563,
            73.71599377292648,
            23.227251060308454
        ]
    ],
    "Dist2": [
        [
            0.689488,
            -2.743512,
            0.001369,
            -0.000281,
            1.547884,
            0.56786,
            -2.581621,
            1.483074
        ]
    ],
    "R1": [
        [
            0.9962778652459955,
            -0.043667369041362654,
            0.07432076494417633
        ],
        [
            0.04422758392355645,
            0.9990040122666538,
            -0.005907985732234477
        ],
        [
            -0.07398875618069843,
            0.009173023282045827,
            0.9972168869422039
        ]
    ],
    "R2": [
        [
            0.9928548997378833,
            -0.049248746157625485,
            0.10869088769708123
        ],
        [
            0.048425521235053115,
            0.9987746914036165,
            0.01020219117268142
        ],
        [
            -0.10906015294135238,
            -0.00486588260362756,
            0.9940232422971289
        ]
    ],
    "P1": [
        [
            1637.2077026810496,
            0.0,
            462.8079490661621,
            0.0
        ],
        [
            0.0,
            1637.2077026810496,
            387.2467670440674,
            0.0
        ],
        [
            0.0,
            0.0,
            1.0,
            0.0
        ]
    ],
    "P2": [
        [
            1637.2077026810496,
            0.0,
            462.8079490661621,
            -362444.89867946325
        ],
        [
            0.0,
            1637.2077026810496,
            387.2467670440674,
            0.0
        ],
        [
            0.0,
            0.0,
            1.0,
            0.0
        ]
    ],
    "ROI1": [
        0,
        0,
        1024,
        768
    ],
    "ROI2": [
        0,
        0,
        1024,
        768
    ]
}