{
    "Format": "OpenCV",
    "Matrix1": [
        [
            1234.834819625275,
            0.0,
            482.2078104952552
        ],
        [
            0.0,
            1234.7698787760387,
            396.90022822345065
        ],
        [
            0.0,
            0.0,
            1.0
        ]
    ],
    "Matrix2": [
        [
            599.1906082912209,
            0.0,
            633.4154468429555
        ],
        [
            0.0,
            599.5903602116772,
            369.72618552161583
        ],
        [
            0.0,
            0.0,
            1.0
        ]
    ],
    "Dist1": [
        -0.03791107252124907,
        -0.07175079152053973,
        0.003924406709457405,
        -0.006085657118065265,
        0.0
    ],
    "Dist2": [
        0.06640906755828462,
        -0.02978842968405564,
        0.002389513299378855,
        -0.002113879410271612,
        0.0
    ],
    "R": [
        [
            0.9994354912867115,
            0.005503995946800247,
            -0.033142190409011965
        ],
        [
            -0.006470630519755138,
            0.9995546871309048,
            -0.02913002532295192
        ],
        [
            0.032967100223805126,
            0.029328032038590877,
            0.999026044124765
        ]
    ],
    "T": [
        [
            -229.04513185540736
        ],
        [
            1.0692239795225011
        ],
        [
            -40.399865107328345
        ]
    ],
    "E": [
        [
            -0.2261633860628554,
            40.41323276261421,
            -0.10866649107461335
        ],
        [
            -32.82610521380771,
            6.495082271536647,
            230.16099202542827
        ],
        [
            0.4134460273153351,
            -228.94902011503805,
            6.707526915766094
        ]
    ],
    "F": [
        [
            5.593268938697682e-09,
            -9.995161984400188e-07,
            0.0003973296358622078
        ],
        [
            8.1128438477842e-07,
            -1.6053186707232692e-07,
            -0.00735165175734103
        ],
        [
            -0.00030962265250470593,
            0.004085353800011987,
            1.0
        ]
    ],
    "frameSize": [
        1024,
        768
    ],
    "Error": 5.2374534148068435
}