{
    "Format": "OpenCV",
    "Matrix1": [
        [
            604.093637992314,
            0.0,
            638.2755656681884
        ],
        [
            0.0,
            604.496660984633,
            370.2954491401152
        ],
        [
            0.0,
            0.0,
            1.0
        ]
    ],
    "Matrix2": [
        [
            1249.9145266127932,
            0.0,
            469.8753920866311
        ],
        [
            0.0,
            1253.4275775780002,
            418.6849222590085
        ],
        [
            0.0,
            0.0,
            1.0
        ]
    ],
    "Dist1": [
        [
            0.6644644177967379,
            -3.031471203298848,
            0.0034218980401560647,
            -0.0003480212779183065,
            1.8498702852324254,
            0.5581756559136409,
            -2.8719749592606947,
            1.7764723086510092
        ]
    ],
    "Dist2": [
        [
            -11.834333465402244,
            74.51073224726764,
            0.010957562185388079,
            -0.009139644921330351,
            18.147895745131986,
            -11.77367672125563,
            73.71599377292648,
            23.227251060308454
        ]
    ],
    "R1": [
        [
            0.9987387938310701,
            0.024737571355584787,
            -0.04369066559674696
        ],
        [
            -0.02416419238685581,
            0.9996154455748557,
            0.01360341039864222
        ],
        [
            0.04401037949336993,
            -0.012530504044539391,
            0.9989524878417588
        ]
    ],
    "R2": [
        [
            0.9991070665879388,
            0.019724270095730776,
            -0.037363386667094135
        ],
        [
            -0.020211073142111676,
            0.9997151182697748,
            -0.012696252411422061
        ],
        [
            0.03710231820908687,
            0.01344006964420158,
            0.9992210879037084
        ]
    ],
    "P1": [
        [
            522.4226142906823,
            0.0,
            720.3393096923828,
            0.0
        ],
        [
            0.0,
            522.4226142906823,
            395.5153636932373,
            0.0
        ],
        [
            0.0,
            0.0,
            1.0,
            0.0
        ]
    ],
    "P2": [
        [
            522.4226142906823,
            0.0,
            542.9415969848633,
            110396.12956282828
        ],
        [
            0.0,
            522.4226142906823,
            395.5153636932373,
            0.0
        ],
        [
            0.0,
            0.0,
            1.0,
            0.0
        ]
    ],
    "ROI1": [
        147,
        96,
        1056,
        572
    ],
    "ROI2": [
        329,
        211,
        541,
        294
    ]
}