{
    "Format": "OpenCV",
    "Matrix1": [
        [
            1249.9145266127932,
            0.0,
            469.8753920866311
        ],
        [
            0.0,
            1253.4275775780002,
            418.6849222590085
        ],
        [
            0.0,
            0.0,
            1.0
        ]
    ],
    "Matrix2": [
        [
            600.461304,
            0.0,
            638.350037
        ],
        [
            0.0,
            600.208557,
            365.869995
        ],
        [
            0.0,
            0.0,
            1.0
        ]
    ],
    "Dist1": [
        [
            -11.834333465402244,
            74.51073224726764,
            0.010957562185388079,
            -0.009139644921330351,
            18.147895745131986,
            -11.77367672125563,
            73.71599377292648,
            23.227251060308454
        ]
    ],
    "Dist2": [
        [
            0.689488,
            -2.743512,
            0.001369,
            -0.000281,
            1.547884,
            0.56786,
            -2.581621,
            1.483074
        ]
    ],
    "R1": [
        [
            0.9949375121584034,
            -0.0713212123430973,
            -0.07079994046577875
        ],
        [
            0.0703230601507802,
            0.9973878755518186,
            -0.01649523910890058
        ],
        [
            0.07179146266149436,
            0.011432863689420923,
            0.997354137464112
        ]
    ],
    "R2": [
        [
            0.9951979146110456,
            -0.05078451138538036,
            -0.08367821793737354
        ],
        [
            0.05195091099620164,
            0.9985796893868583,
            0.011819762718030678
        ],
        [
            0.08295910800202196,
            -0.016110162860566775,
            0.9964227260817143
        ]
    ],
    "P1": [
        [
            551.95969545847,
            0.0,
            694.9208450317383,
            0.0
        ],
        [
            0.0,
            551.95969545847,
            392.2391166687012,
            0.0
        ],
        [
            0.0,
            0.0,
            1.0,
            0.0
        ]
    ],
    "P2": [
        [
            551.95969545847,
            0.0,
            694.9208450317383,
            -127043.03635435931
        ],
        [
            0.0,
            551.95969545847,
            392.2391166687012,
            0.0
        ],
        [
            0.0,
            0.0,
            1.0,
            0.0
        ]
    ],
    "ROI1": [
        453,
        214,
        435,
        311
    ],
    "ROI2": [
        52,
        110,
        906,
        644
    ]
}