{
    "Format": "OpenCV",
    "Matrix1": [
        [
            1249.9145266127932,
            0.0,
            469.8753920866311
        ],
        [
            0.0,
            1253.4275775780002,
            418.6849222590085
        ],
        [
            0.0,
            0.0,
            1.0
        ]
    ],
    "Matrix2": [
        [
            600.461304,
            0.0,
            638.350037
        ],
        [
            0.0,
            600.208557,
            365.869995
        ],
        [
            0.0,
            0.0,
            1.0
        ]
    ],
    "Dist1": [
        [
            -11.834333465402244,
            74.51073224726764,
            0.010957562185388079,
            -0.009139644921330351,
            18.147895745131986,
            -11.77367672125563,
            73.71599377292648,
            23.227251060308454
        ]
    ],
    "Dist2": [
        [
            0.689488,
            -2.743512,
            0.001369,
            -0.000281,
            1.547884,
            0.56786,
            -2.581621,
            1.483074
        ]
    ],
    "R1": [
        [
            0.9913476785618747,
            0.024908846395944984,
            -0.12887718797834385
        ],
        [
            -0.026048540538690674,
            0.9996350015192036,
            -0.007165003384920245
        ],
        [
            0.12865167603178104,
            0.010460072128095018,
            0.9916346772603754
        ]
    ],
    "R2": [
        [
            0.9958853465341969,
            0.03324703872802306,
            -0.08430308994503043
        ],
        [
            -0.03250043594556464,
            0.9994195342749185,
            0.010213528922620547
        ],
        [
            0.08459372448243901,
            -0.00743161661566936,
            0.9963878124769827
        ]
    ],
    "P1": [
        [
            510.48932896179826,
            0.0,
            728.0848655700684,
            0.0
        ],
        [
            0.0,
            510.48932896179826,
            380.934627532959,
            0.0
        ],
        [
            0.0,
            0.0,
            1.0,
            0.0
        ]
    ],
    "P2": [
        [
            510.48932896179826,
            0.0,
            728.0848655700684,
            -145337.2968731705
        ],
        [
            0.0,
            510.48932896179826,
            380.934627532959,
            0.0
        ],
        [
            0.0,
            0.0,
            1.0,
            0.0
        ]
    ],
    "ROI1": [
        463,
        203,
        421,
        305
    ],
    "ROI2": [
        122,
        93,
        854,
        595
    ]
}