{
    "Error": 3.4143921954856284,
    "Rotation": [
        [
            0.9998603094469016,
            0.009331825019812875,
            -0.01386645717354349
        ],
        [
            -0.009371847764495459,
            0.9999520952429323,
            -0.0028241261920953545
        ],
        [
            0.013839438652822694,
            0.002953686014008926,
            0.9998998678251264
        ]
    ],
    "Translation": [
        [
            -240.95085604073324
        ],
        [
            -2.2964208168583498
        ],
        [
            -37.29900140336342
        ]
    ]
}