{
    "Format": "OpenCV",
    "Matrix1": [
        [
            1249.9145266127932,
            0.0,
            469.8753920866311
        ],
        [
            0.0,
            1253.4275775780002,
            418.6849222590085
        ],
        [
            0.0,
            0.0,
            1.0
        ]
    ],
    "Matrix2": [
        [
            600.461304,
            0.0,
            638.350037
        ],
        [
            0.0,
            600.208557,
            365.869995
        ],
        [
            0.0,
            0.0,
            1.0
        ]
    ],
    "Dist1": [
        [
            -11.834333465402244,
            74.51073224726764,
            0.010957562185388079,
            -0.009139644921330351,
            18.147895745131986,
            -11.77367672125563,
            73.71599377292648,
            23.227251060308454
        ]
    ],
    "Dist2": [
        [
            0.689488,
            -2.743512,
            0.001369,
            -0.000281,
            1.547884,
            0.56786,
            -2.581621,
            1.483074
        ]
    ],
    "R1": [
        [
            0.9900766124504218,
            0.01909101748008907,
            0.1392258400235835
        ],
        [
            -0.0189446573589304,
            0.9998177094027769,
            -0.0023765357428708177
        ],
        [
            -0.13924583094746593,
            -0.0002846333770871812,
            0.9902578035782351
        ]
    ],
    "R2": [
        [
            0.9881858929872561,
            0.009418064301037709,
            0.15297039244834537
        ],
        [
            -0.009578932922311817,
            0.9999540714598522,
            0.00031466638632467745
        ],
        [
            -0.1529604031932746,
            -0.0017762420123257575,
            0.9882307220579942
        ]
    ],
    "P1": [
        [
            1813.5146542279906,
            0.0,
            392.718936920166,
            0.0
        ],
        [
            0.0,
            1813.5146542279906,
            388.68415451049805,
            0.0
        ],
        [
            0.0,
            0.0,
            1.0,
            0.0
        ]
    ],
    "P2": [
        [
            1813.5146542279906,
            0.0,
            392.718936920166,
            -442192.0121301346
        ],
        [
            0.0,
            1813.5146542279906,
            388.68415451049805,
            0.0
        ],
        [
            0.0,
            0.0,
            1.0,
            0.0
        ]
    ],
    "ROI1": [
        0,
        0,
        1024,
        768
    ],
    "ROI2": [
        0,
        0,
        1024,
        768
    ]
}