{
    "Format": "OpenCV",
    "Matrix1": [
        [
            1249.9145266127932,
            0.0,
            469.8753920866311
        ],
        [
            0.0,
            1253.4275775780002,
            418.6849222590085
        ],
        [
            0.0,
            0.0,
            1.0
        ]
    ],
    "Matrix2": [
        [
            600.461304,
            0.0,
            638.350037
        ],
        [
            0.0,
            600.208557,
            365.869995
        ],
        [
            0.0,
            0.0,
            1.0
        ]
    ],
    "Dist1": [
        [
            -11.834333465402244,
            74.51073224726764,
            0.010957562185388079,
            -0.009139644921330351,
            18.147895745131986,
            -11.77367672125563,
            73.71599377292648,
            23.227251060308454
        ]
    ],
    "Dist2": [
        [
            0.689488,
            -2.743512,
            0.001369,
            -0.000281,
            1.547884,
            0.56786,
            -2.581621,
            1.483074
        ]
    ],
    "R1": [
        [
            0.9926596233085107,
            -0.0026656272165336376,
            -0.12091222719207664
        ],
        [
            0.0016197711108810243,
            0.9999604308564165,
            -0.008747174572297501
        ],
        [
            0.12093075950540555,
            0.0084871168833926,
            0.992624662323304
        ]
    ],
    "R2": [
        [
            0.9917558166730975,
            0.016003050446404217,
            -0.12713891013960724
        ],
        [
            -0.014902591875843842,
            0.9998428436579719,
            0.009602121709403348
        ],
        [
            0.12727259269166835,
            -0.007628260768353656,
            0.9918384428863355
        ]
    ],
    "P1": [
        [
            493.71150376367507,
            0.0,
            761.7659683227539,
            0.0
        ],
        [
            0.0,
            493.71150376367507,
            383.10387420654297,
            0.0
        ],
        [
            0.0,
            0.0,
            1.0,
            0.0
        ]
    ],
    "P2": [
        [
            493.71150376367507,
            0.0,
            761.7659683227539,
            -112250.68667569688
        ],
        [
            0.0,
            493.71150376367507,
            383.10387420654297,
            0.0
        ],
        [
            0.0,
            0.0,
            1.0,
            0.0
        ]
    ],
    "ROI1": [
        506,
        214,
        411,
        297
    ],
    "ROI2": [
        118,
        115,
        862,
        564
    ]
}