{
    "Error": 4.525324609255049,
    "Rotation": [
        [
            0.9997349285424701,
            0.0007351268815383254,
            -0.023011567540045342
        ],
        [
            -0.0010230176229900304,
            0.9999213308015013,
            -0.012501425642614266
        ],
        [
            0.023000567104423327,
            0.012521653110624068,
            0.9996570322446855
        ]
    ],
    "Translation": [
        [
            -225.4502516752864
        ],
        [
            12.52960029162505
        ],
        [
            -36.85649462019919
        ]
    ]
}