{
    "Format": "OpenCV",
    "Matrix1": [
        [
            1249.9145266127932,
            0.0,
            469.8753920866311
        ],
        [
            0.0,
            1253.4275775780002,
            418.6849222590085
        ],
        [
            0.0,
            0.0,
            1.0
        ]
    ],
    "Matrix2": [
        [
            600.461304,
            0.0,
            638.350037
        ],
        [
            0.0,
            600.208557,
            365.869995
        ],
        [
            0.0,
            0.0,
            1.0
        ]
    ],
    "Dist1": [
        [
            -11.834333465402244,
            74.51073224726764,
            0.010957562185388079,
            -0.009139644921330351,
            18.147895745131986,
            -11.77367672125563,
            73.71599377292648,
            23.227251060308454
        ]
    ],
    "Dist2": [
        [
            0.689488,
            -2.743512,
            0.001369,
            -0.000281,
            1.547884,
            0.56786,
            -2.581621,
            1.483074
        ]
    ],
    "R1": [
        [
            0.9889182594421618,
            -0.05201959912628748,
            0.13904904691735756
        ],
        [
            0.05292638787855427,
            0.9985944088463737,
            -0.0028291494994140635
        ],
        [
            -0.13870642958426255,
            0.010157161389953578,
            0.9902814541656753
        ]
    ],
    "R2": [
        [
            0.985418147897552,
            -0.05476549891393717,
            0.16109566698972974
        ],
        [
            0.053711555362260896,
            0.9984970739991823,
            0.010893210529415236
        ],
        [
            -0.16145012423260982,
            -0.0020816685084152587,
            0.986878677468257
        ]
    ],
    "P1": [
        [
            1835.7953900632776,
            0.0,
            386.0079803466797,
            0.0
        ],
        [
            0.0,
            1835.7953900632776,
            385.1565418243408,
            0.0
        ],
        [
            0.0,
            0.0,
            1.0,
            0.0
        ]
    ],
    "P2": [
        [
            1835.7953900632776,
            0.0,
            386.0079803466797,
            -420004.9832623188
        ],
        [
            0.0,
            1835.7953900632776,
            385.1565418243408,
            0.0
        ],
        [
            0.0,
            0.0,
            1.0,
            0.0
        ]
    ],
    "ROI1": [
        0,
        0,
        1024,
        768
    ],
    "ROI2": [
        0,
        0,
        1024,
        768
    ]
}