{
    "Error": 2.964143372108107,
    "Rotation": [
        [
            0.9996296122973132,
            0.004128758766015613,
            -0.026899657421154192
        ],
        [
            -0.004527654771007301,
            0.9998804442527197,
            -0.014785044580877383
        ],
        [
            0.02683539753009039,
            0.014901360744442304,
            0.9995287944263367
        ]
    ],
    "Translation": [
        [
            -235.433293875182
        ],
        [
            13.180125330045485
        ],
        [
            -19.59811247930746
        ]
    ]
}