{
    "Format": "OpenCV",
    "Matrix1": [
        [
            1249.9145266127932,
            0.0,
            469.8753920866311
        ],
        [
            0.0,
            1253.4275775780002,
            418.6849222590085
        ],
        [
            0.0,
            0.0,
            1.0
        ]
    ],
    "Matrix2": [
        [
            600.461304,
            0.0,
            638.350037
        ],
        [
            0.0,
            600.208557,
            365.869995
        ],
        [
            0.0,
            0.0,
            1.0
        ]
    ],
    "Dist1": [
        [
            -11.834333465402244,
            74.51073224726764,
            0.010957562185388079,
            -0.009139644921330351,
            18.147895745131986,
            -11.77367672125563,
            73.71599377292648,
            23.227251060308454
        ]
    ],
    "Dist2": [
        [
            0.689488,
            -2.743512,
            0.001369,
            -0.000281,
            1.547884,
            0.56786,
            -2.581621,
            1.483074
        ]
    ],
    "R1": [
        [
            0.9971123300370313,
            -0.05035380659308676,
            0.05684624393667975
        ],
        [
            0.05079012407528951,
            0.9986897547177397,
            -0.006255966610980221
        ],
        [
            -0.05645674968096538,
            0.00912512922686649,
            0.9983633443952427
        ]
    ],
    "R2": [
        [
            0.9950059686838391,
            -0.05570284115529153,
            0.08282702319148835
        ],
        [
            0.055062944475907614,
            0.9984328902154636,
            0.009991790712342666
        ],
        [
            -0.08325379528392747,
            -0.005381191617523073,
            0.9965138475443266
        ]
    ],
    "P1": [
        [
            1643.5887541362847,
            0.0,
            492.1829299926758,
            0.0
        ],
        [
            0.0,
            1643.5887541362847,
            388.1086483001709,
            0.0
        ],
        [
            0.0,
            0.0,
            1.0,
            0.0
        ]
    ],
    "P2": [
        [
            1643.5887541362847,
            0.0,
            492.1829299926758,
            -388897.6813620164
        ],
        [
            0.0,
            1643.5887541362847,
            388.1086483001709,
            0.0
        ],
        [
            0.0,
            0.0,
            1.0,
            0.0
        ]
    ],
    "ROI1": [
        0,
        0,
        1024,
        768
    ],
    "ROI2": [
        0,
        0,
        1024,
        768
    ]
}