{
    "Format": "OpenCV",
    "Matrix1": [
        [
            1234.834819625275,
            0.0,
            482.2078104952552
        ],
        [
            0.0,
            1234.7698787760387,
            396.90022822345065
        ],
        [
            0.0,
            0.0,
            1.0
        ]
    ],
    "Matrix2": [
        [
            599.1906082912209,
            0.0,
            633.4154468429555
        ],
        [
            0.0,
            599.5903602116772,
            369.72618552161583
        ],
        [
            0.0,
            0.0,
            1.0
        ]
    ],
    "Dist1": [
        -0.03791107252124907,
        -0.07175079152053973,
        0.003924406709457405,
        -0.006085657118065265,
        0.0
    ],
    "Dist2": [
        0.06640906755828462,
        -0.02978842968405564,
        0.002389513299378855,
        -0.002113879410271612,
        0.0
    ],
    "R": [
        [
            0.9993227805111261,
            0.004792456082448297,
            -0.03648304696992171
        ],
        [
            -0.005786323713851823,
            0.9996136658742696,
            -0.02718524333682881
        ],
        [
            0.03633866823908418,
            0.027377935680066957,
            0.9989644387206723
        ]
    ],
    "T": [
        [
            -229.39504919206442
        ],
        [
            -2.589926313994956
        ],
        [
            -20.787279488711356
        ]
    ],
    "E": [
        [
            -0.21439640133993298,
            20.708341817223104,
            -3.1523515377991593
        ],
        [
            -12.437291349642106,
            6.180740778082908,
            229.91587985541517
        ],
        [
            3.915526378400619,
            -229.2940139481713,
            6.141671829187971
        ]
    ],
    "F": [
        [
            5.273560190967283e-09,
            -5.093948867881519e-07,
            0.0002953840421358272
        ],
        [
            3.0571910502866497e-07,
            -1.5193580861487282e-07,
            -0.007065818029748761
        ],
        [
            -0.00017408144976885793,
            0.0037584462286081367,
            1.0
        ]
    ],
    "frameSize": [
        1024,
        768
    ],
    "Error": 5.887361091637848
}