{
    "Format": "OpenCV",
    "Matrix1": [
        [
            1257.8320812117013,
            0.0,
            514.9661399629558
        ],
        [
            0.0,
            1258.4255397577076,
            376.7456382330811
        ],
        [
            0.0,
            0.0,
            1.0
        ]
    ],
    "Matrix2": [
        [
            600.461304,
            0.0,
            638.350037
        ],
        [
            0.0,
            600.208557,
            365.869995
        ],
        [
            0.0,
            0.0,
            1.0
        ]
    ],
    "Dist1": [
        [
            -0.021989157674628335,
            -0.06671865414361053,
            0.0,
            0.0,
            0.0
        ]
    ],
    "Dist2": [
        [
            0.689488,
            -2.743512,
            0.001369,
            -0.000281,
            1.547884
        ]
    ],
    "R": [
        [
            0.9996924469601838,
            0.012587818591979607,
            0.021367225225927856
        ],
        [
            -0.011111004871779956,
            0.9976315873903943,
            -0.06788049360207433
        ],
        [
            -0.022171086159667446,
            0.06762220540634108,
            0.9974646260767763
        ]
    ],
    "T": [
        [
            -278.0695437894649
        ],
        [
            25.572662560135377
        ],
        [
            -7.169392992999149
        ]
    ],
    "E": [
        [
            -0.646632865425782,
            8.881692752659834,
            25.021164363140976
        ],
        [
            -13.33229183812616,
            18.713428788968265,
            277.2113434844838
        ],
        [
            -22.475165554290438,
            -277.7328644128275,
            18.329081047583436
        ]
    ],
    "F": [
        [
            1.0406706299227212e-08,
            -1.4287176597139703e-07,
            -0.00045804008436562196
        ],
        [
            2.1465607195220398e-07,
            -3.01152781448523e-07,
            -0.005611077736390737
        ],
        [
            0.00013201247460084306,
            0.0028840284840286794,
            1.0
        ]
    ],
    "frameSize": [
        1024,
        768
    ],
    "Error": 2.770910368133885
}