{
    "Format": "OpenCV",
    "Matrix1": [
        [
            1234.834819625275,
            0.0,
            482.2078104952552
        ],
        [
            0.0,
            1234.7698787760387,
            396.90022822345065
        ],
        [
            0.0,
            0.0,
            1.0
        ]
    ],
    "Matrix2": [
        [
            599.1906082912209,
            0.0,
            633.4154468429555
        ],
        [
            0.0,
            599.5903602116772,
            369.72618552161583
        ],
        [
            0.0,
            0.0,
            1.0
        ]
    ],
    "Dist1": [
        -0.03791107252124907,
        -0.07175079152053973,
        0.003924406709457405,
        -0.006085657118065265,
        0.0
    ],
    "Dist2": [
        0.06640906755828462,
        -0.02978842968405564,
        0.002389513299378855,
        -0.002113879410271612,
        0.0
    ],
    "R": [
        [
            0.999152231687827,
            0.00110187785138127,
            -0.041153417579049424
        ],
        [
            -0.002560374768763637,
            0.9993697804146386,
            -0.035404610929092854
        ],
        [
            0.041088470332667014,
            0.035479964193860146,
            0.9985253676029087
        ]
    ],
    "T": [
        [
            -223.7465798542979
        ],
        [
            3.9105918687180883
        ],
        [
            -26.12217658646057
        ]
    ],
    "E": [
        [
            0.09379767614383017,
            26.244461538642433,
            2.9799796845919793
        ],
        [
            -16.90662632452655,
            7.909737193918668,
            224.49165274004264
        ],
        [
            -3.3344014951938448,
            -223.60987937208205,
            8.082594826611214
        ]
    ],
    "F": [
        [
            -2.3535085627483153e-09,
            -6.585431112388095e-07,
            0.00017018014529176088
        ],
        [
            4.2392693724971057e-07,
            -1.9834394825876133e-07,
            -0.0070766314688000135
        ],
        [
            -0.00010511511471762982,
            0.003852501645681881,
            0.9999999999999999
        ]
    ],
    "frameSize": [
        1024,
        768
    ],
    "Error": 5.40795609903476
}