{
    "Format": "OpenCV",
    "Matrix1": [
        [
            600.461304,
            0.0,
            638.350037
        ],
        [
            0.0,
            600.208557,
            365.869995
        ],
        [
            0.0,
            0.0,
            1.0
        ]
    ],
    "Matrix2": [
        [
            1249.9145266127932,
            0.0,
            469.8753920866311
        ],
        [
            0.0,
            1253.4275775780002,
            418.6849222590085
        ],
        [
            0.0,
            0.0,
            1.0
        ]
    ],
    "Dist1": [
        [
            0.689488,
            -2.743512,
            0.001369,
            -0.000281,
            1.547884,
            0.56786,
            -2.581621,
            1.483074
        ]
    ],
    "Dist2": [
        [
            -11.834333465402244,
            74.51073224726764,
            0.010957562185388079,
            -0.009139644921330351,
            18.147895745131986,
            -11.77367672125563,
            73.71599377292648,
            23.227251060308454
        ]
    ],
    "R1": [
        [
            0.996953800022151,
            -0.05063474885316183,
            -0.059323206504454926
        ],
        [
            0.051645758733283455,
            0.9985430860437283,
            0.015633966839252476
        ],
        [
            0.05844515571248358,
            -0.01865013466022688,
            0.9981163941399315
        ]
    ],
    "R2": [
        [
            0.9941715626526373,
            -0.0655564794671662,
            -0.08558768610427663
        ],
        [
            0.06407639290339322,
            0.9977459599472909,
            -0.019930260443582377
        ],
        [
            0.08670132574132386,
            0.014329947966760426,
            0.9961312828668553
        ]
    ],
    "P1": [
        [
            548.6728957554885,
            0.0,
            672.6937446594238,
            0.0
        ],
        [
            0.0,
            548.6728957554885,
            388.32795906066895,
            0.0
        ],
        [
            0.0,
            0.0,
            1.0,
            0.0
        ]
    ],
    "P2": [
        [
            548.6728957554885,
            0.0,
            672.6937446594238,
            123554.00427704651
        ],
        [
            0.0,
            548.6728957554885,
            388.32795906066895,
            0.0
        ],
        [
            0.0,
            0.0,
            1.0,
            0.0
        ]
    ],
    "ROI1": [
        66,
        122,
        1097,
        578
    ],
    "ROI2": [
        421,
        214,
        548,
        284
    ]
}