{
    "Error": 5.786255637571651,
    "Rotation": [
        [
            0.9998028697778151,
            0.017113229203724552,
            -0.010067719218685265
        ],
        [
            -0.016943305763416988,
            0.9997165102722313,
            0.016727925122951192
        ],
        [
            0.01035113394043649,
            -0.01655404709829261,
            0.9998093906094374
        ]
    ],
    "Translation": [
        [
            -261.3952277787257
        ],
        [
            -40.46026865598219
        ],
        [
            -29.94302682280891
        ]
    ]
}