{
    "Format": "OpenCV",
    "Matrix1": [
        [
            1249.9145266127932,
            0.0,
            469.8753920866311
        ],
        [
            0.0,
            1253.4275775780002,
            418.6849222590085
        ],
        [
            0.0,
            0.0,
            1.0
        ]
    ],
    "Matrix2": [
        [
            600.461304,
            0.0,
            638.350037
        ],
        [
            0.0,
            600.208557,
            365.869995
        ],
        [
            0.0,
            0.0,
            1.0
        ]
    ],
    "Dist1": [
        [
            -11.834333465402244,
            74.51073224726764,
            0.010957562185388079,
            -0.009139644921330351,
            18.147895745131986,
            -11.77367672125563,
            73.71599377292648,
            23.227251060308454
        ]
    ],
    "Dist2": [
        [
            0.689488,
            -2.743512,
            0.001369,
            -0.000281,
            1.547884,
            0.56786,
            -2.581621,
            1.483074
        ]
    ],
    "R1": [
        [
            0.9803554120238156,
            0.16689279506005814,
            0.10511927070074333
        ],
        [
            -0.16785298841383597,
            0.9858119948420386,
            0.0002917295064079808
        ],
        [
            -0.1035791503931141,
            -0.017930582327456833,
            0.9944595787769551
        ]
    ],
    "R2": [
        [
            0.9819599176960476,
            0.1519934484535442,
            0.11248427296991755
        ],
        [
            -0.15095240994818468,
            0.9883813918033275,
            -0.017764973058022722
        ],
        [
            -0.11387752179076568,
            0.00046471939585002,
            0.9934946874878984
        ]
    ],
    "P1": [
        [
            2116.1849639341613,
            0.0,
            443.1757068634033,
            0.0
        ],
        [
            0.0,
            2116.1849639341613,
            390.5770511627197,
            0.0
        ],
        [
            0.0,
            0.0,
            1.0,
            0.0
        ]
    ],
    "P2": [
        [
            2116.1849639341613,
            0.0,
            443.1757068634033,
            -563323.0447606802
        ],
        [
            0.0,
            2116.1849639341613,
            390.5770511627197,
            0.0
        ],
        [
            0.0,
            0.0,
            1.0,
            0.0
        ]
    ],
    "ROI1": [
        1,
        0,
        1023,
        768
    ],
    "ROI2": [
        0,
        0,
        1024,
        768
    ]
}