{"SpineBase": [450.0, 354.0, 82.66666666666667], "SpineMid": [459.0, 341.0, 81.0], "Neck": [477.0, 328.0, 76.66666666666667], "Head": [492.0, 298.0, 74.33333333333333], "ShoulderLeft": [498.0, 337.0, 67.66666666666667], "ElbowLeft": [522.0, 369.0, 70.0], "WristLeft": [569.0, 374.0, 63.0], "HandLeft": [587.0, 384.0, 60.0], "ShoulderRight": [439.0, 332.0, 85.66666666666667], "ElbowRight": [411.0, 331.0, 92.33333333333333], "WristRight": [451.0, 313.0, 82.66666666666667], "HandRight": [469.0, 312.0, 79.0], "HipLeft": [461.0, 359.0, 81.0], "KneeLeft": [405.0, 400.0, 79.0], "AnkleLeft": [381.0, 462.0, 86.66666666666667], "FootLeft": [328.0, 502.0, 111.66666666666667], "HipRight": [478.0, 405.0, 72.0], "KneeRight": [436.0, 424.0, 82.66666666666667], "AnkleRight": [496.0, 479.0, 71.0], "FootRight": [458.0, 494.0, 82.0], "SpineShoulder": [471.0, 328.0, 77.66666666666667]}