{
    "Error": 1.7183956368521722,
    "Rotation": [
        [
            0.9997017335568334,
            0.0002625554538508885,
            -0.024420790079265977
        ],
        [
            -0.0005894431219378886,
            0.9999103181479989,
            -0.013379395276826285
        ],
        [
            0.024415087144385183,
            0.01338979931892986,
            0.9996122332154258
        ]
    ],
    "Translation": [
        [
            -240.1988817743128
        ],
        [
            9.485273913661974
        ],
        [
            -14.382725216001948
        ]
    ]
}