{
    "Format": "OpenCV",
    "Matrix1": [
        [
            1249.9145266127932,
            0.0,
            469.8753920866311
        ],
        [
            0.0,
            1253.4275775780002,
            418.6849222590085
        ],
        [
            0.0,
            0.0,
            1.0
        ]
    ],
    "Matrix2": [
        [
            600.461304,
            0.0,
            638.350037
        ],
        [
            0.0,
            600.208557,
            365.869995
        ],
        [
            0.0,
            0.0,
            1.0
        ]
    ],
    "Dist1": [
        [
            -11.834333465402244,
            74.51073224726764,
            0.010957562185388079,
            -0.009139644921330351,
            18.147895745131986,
            -11.77367672125563,
            73.71599377292648,
            23.227251060308454
        ]
    ],
    "Dist2": [
        [
            0.689488,
            -2.743512,
            0.001369,
            -0.000281,
            1.547884,
            0.56786,
            -2.581621,
            1.483074
        ]
    ],
    "R1": [
        [
            0.9986213766482013,
            -0.03832293829865014,
            0.035870579886711884
        ],
        [
            0.03857039737086322,
            0.9992364516372063,
            -0.006232027450096632
        ],
        [
            -0.03560436136072138,
            0.007606978351678652,
            0.9993370118896088
        ]
    ],
    "R2": [
        [
            0.9974374716042257,
            -0.03938805859556798,
            0.05972496194926708
        ],
        [
            0.03897343912981887,
            0.9992074839648267,
            0.008091664295732574
        ],
        [
            -0.059996343906638154,
            -0.005743242007145174,
            0.9981820745180128
        ]
    ],
    "P1": [
        [
            1595.9614084942846,
            0.0,
            521.5083198547363,
            0.0
        ],
        [
            0.0,
            1595.9614084942846,
            388.28496170043945,
            0.0
        ],
        [
            0.0,
            0.0,
            1.0,
            0.0
        ]
    ],
    "P2": [
        [
            1595.9614084942846,
            0.0,
            521.5083198547363,
            -384333.00992665475
        ],
        [
            0.0,
            1595.9614084942846,
            388.28496170043945,
            0.0
        ],
        [
            0.0,
            0.0,
            1.0,
            0.0
        ]
    ],
    "ROI1": [
        0,
        0,
        1024,
        768
    ],
    "ROI2": [
        0,
        0,
        1024,
        768
    ]
}