{
    "Format": "OpenCV",
    "Matrix1": [
        [
            1249.9145266127932,
            0.0,
            469.8753920866311
        ],
        [
            0.0,
            1253.4275775780002,
            418.6849222590085
        ],
        [
            0.0,
            0.0,
            1.0
        ]
    ],
    "Matrix2": [
        [
            600.461304,
            0.0,
            638.350037
        ],
        [
            0.0,
            600.208557,
            365.869995
        ],
        [
            0.0,
            0.0,
            1.0
        ]
    ],
    "Dist1": [
        [
            -11.834333465402244,
            74.51073224726764,
            0.010957562185388079,
            -0.009139644921330351,
            18.147895745131986,
            -11.77367672125563,
            73.71599377292648,
            23.227251060308454
        ]
    ],
    "Dist2": [
        [
            0.689488,
            -2.743512,
            0.001369,
            -0.000281,
            1.547884,
            0.56786,
            -2.581621,
            1.483074
        ]
    ],
    "R1": [
        [
            0.9976908503903348,
            -0.0302501401049785,
            -0.0608103286542643
        ],
        [
            0.029614860798132827,
            0.9994972668424026,
            -0.011321377763955701
        ],
        [
            0.06112223054926646,
            0.009494345590726445,
            0.9980851318071451
        ]
    ],
    "R2": [
        [
            0.9990689926762844,
            -0.01457297521050801,
            -0.04060512610876052
        ],
        [
            0.014995139785510602,
            0.9998364360898212,
            0.010111718450295296
        ],
        [
            0.04045112675324907,
            -0.010711183908371875,
            0.999124104845676
        ]
    ],
    "P1": [
        [
            567.1572785839323,
            0.0,
            653.5006332397461,
            0.0
        ],
        [
            0.0,
            567.1572785839323,
            387.5647888183594,
            0.0
        ],
        [
            0.0,
            0.0,
            1.0,
            0.0
        ]
    ],
    "P2": [
        [
            567.1572785839323,
            0.0,
            653.5006332397461,
            -149145.81156246204
        ],
        [
            0.0,
            567.1572785839323,
            387.5647888183594,
            0.0
        ],
        [
            0.0,
            0.0,
            1.0,
            0.0
        ]
    ],
    "ROI1": [
        403,
        195,
        462,
        339
    ],
    "ROI2": [
        36,
        76,
        931,
        678
    ]
}