{
    "Format": "OpenCV",
    "Matrix1": [
        [
            1234.834819625275,
            0.0,
            482.2078104952552
        ],
        [
            0.0,
            1234.7698787760387,
            396.90022822345065
        ],
        [
            0.0,
            0.0,
            1.0
        ]
    ],
    "Matrix2": [
        [
            599.1906082912209,
            0.0,
            633.4154468429555
        ],
        [
            0.0,
            599.5903602116772,
            369.72618552161583
        ],
        [
            0.0,
            0.0,
            1.0
        ]
    ],
    "Dist1": [
        -0.03791107252124907,
        -0.07175079152053973,
        0.003924406709457405,
        -0.006085657118065265,
        0.0
    ],
    "Dist2": [
        0.06640906755828462,
        -0.02978842968405564,
        0.002389513299378855,
        -0.002113879410271612,
        0.0
    ],
    "R": [
        [
            0.9995561246474065,
            0.00722326716697576,
            -0.028902908007548838
        ],
        [
            -0.008445494318229779,
            0.999065392606782,
            -0.04239121278257233
        ],
        [
            0.02856969208057884,
            0.042616495713409676,
            0.9986829361651924
        ]
    ],
    "T": [
        [
            -235.18959290887662
        ],
        [
            13.636024416573795
        ],
        [
            -25.287224428879835
        ]
    ],
    "E": [
        [
            0.1760139085468621,
            25.844710378071508,
            12.546108790518867
        ],
        [
            -18.55670580325706,
            9.840299900078632,
            235.61070752316738
        ],
        [
            -11.643679350809222,
            -235.06827962399237,
            10.364092836547675
        ]
    ],
    "F": [
        [
            -3.853036037285595e-09,
            -5.657839120371057e-07,
            -0.00011271835548214517
        ],
        [
            4.0594511742210026e-07,
            -2.152769910689259e-07,
            -0.006474894926714211
        ],
        [
            5.07744945533028e-06,
            0.0035214271978558026,
            1.0
        ]
    ],
    "frameSize": [
        1024,
        768
    ],
    "Error": 4.2179076846207
}