{
    "Format": "OpenCV",
    "Matrix1": [
        [
            1249.9145266127932,
            0.0,
            469.8753920866311
        ],
        [
            0.0,
            1253.4275775780002,
            418.6849222590085
        ],
        [
            0.0,
            0.0,
            1.0
        ]
    ],
    "Matrix2": [
        [
            600.461304,
            0.0,
            638.350037
        ],
        [
            0.0,
            600.208557,
            365.869995
        ],
        [
            0.0,
            0.0,
            1.0
        ]
    ],
    "Dist1": [
        [
            -11.834333465402244,
            74.51073224726764,
            0.010957562185388079,
            -0.009139644921330351,
            18.147895745131986,
            -11.77367672125563,
            73.71599377292648,
            23.227251060308454
        ]
    ],
    "Dist2": [
        [
            0.689488,
            -2.743512,
            0.001369,
            -0.000281,
            1.547884,
            0.56786,
            -2.581621,
            1.483074
        ]
    ],
    "R1": [
        [
            0.9968331018939803,
            -0.0075808127693488886,
            -0.07915995355090488
        ],
        [
            0.0068504787194389296,
            0.9999314693379123,
            -0.009493554078330732
        ],
        [
            0.07922649752286075,
            0.008921205382668442,
            0.9968167204580692
        ]
    ],
    "R2": [
        [
            0.9961221532819086,
            0.0024917797055885337,
            -0.08794570356141615
        ],
        [
            -0.0016804955750826405,
            0.9999553636922361,
            0.009297664101801363
        ],
        [
            0.08796494572064373,
            -0.009113816819895771,
            0.9960818774916737
        ]
    ],
    "P1": [
        [
            1503.542447193307,
            0.0,
            703.713565826416,
            0.0
        ],
        [
            0.0,
            1503.542447193307,
            385.4970417022705,
            0.0
        ],
        [
            0.0,
            0.0,
            1.0,
            0.0
        ]
    ],
    "P2": [
        [
            1503.542447193307,
            0.0,
            703.713565826416,
            -343360.98867336416
        ],
        [
            0.0,
            1503.542447193307,
            385.4970417022705,
            0.0
        ],
        [
            0.0,
            0.0,
            1.0,
            0.0
        ]
    ],
    "ROI1": [
        0,
        0,
        1024,
        768
    ],
    "ROI2": [
        0,
        0,
        1024,
        768
    ]
}