{
    "Format": "OpenCV",
    "Matrix1": [
        [
            1249.9145266127932,
            0.0,
            469.8753920866311
        ],
        [
            0.0,
            1253.4275775780002,
            418.6849222590085
        ],
        [
            0.0,
            0.0,
            1.0
        ]
    ],
    "Matrix2": [
        [
            600.461304,
            0.0,
            638.350037
        ],
        [
            0.0,
            600.208557,
            365.869995
        ],
        [
            0.0,
            0.0,
            1.0
        ]
    ],
    "Dist1": [
        [
            -11.834333465402244,
            74.51073224726764,
            0.010957562185388079,
            -0.009139644921330351,
            18.147895745131986,
            -11.77367672125563,
            73.71599377292648,
            23.227251060308454
        ]
    ],
    "Dist2": [
        [
            0.689488,
            -2.743512,
            0.001369,
            -0.000281,
            1.547884,
            0.56786,
            -2.581621,
            1.483074
        ]
    ],
    "R1": [
        [
            0.9960186647216578,
            -0.02433113264444047,
            -0.08576022102539423
        ],
        [
            0.023347457671049315,
            0.9996498283119127,
            -0.01245459659168843
        ],
        [
            0.0860332246657324,
            0.010402727536650187,
            0.9962379572739707
        ]
    ],
    "R2": [
        [
            0.999713367588572,
            -0.007306844663289015,
            -0.02279896238391811
        ],
        [
            0.007567206508023604,
            0.9999069008882567,
            0.011354600024070995
        ],
        [
            0.022713873522181842,
            -0.011523869884213072,
            0.9996755875645409
        ]
    ],
    "P1": [
        [
            571.1645989040541,
            0.0,
            652.6564102172852,
            0.0
        ],
        [
            0.0,
            571.1645989040541,
            386.8244915008545,
            0.0
        ],
        [
            0.0,
            0.0,
            1.0,
            0.0
        ]
    ],
    "P2": [
        [
            571.1645989040541,
            0.0,
            652.6564102172852,
            -132641.1736561253
        ],
        [
            0.0,
            571.1645989040541,
            386.8244915008545,
            0.0
        ],
        [
            0.0,
            0.0,
            1.0,
            0.0
        ]
    ],
    "ROI1": [
        382,
        193,
        469,
        345
    ],
    "ROI2": [
        52,
        69,
        933,
        689
    ]
}