{
    "Format": "OpenCV",
    "Matrix1": [
        [
            1249.9145266127932,
            0.0,
            469.8753920866311
        ],
        [
            0.0,
            1253.4275775780002,
            418.6849222590085
        ],
        [
            0.0,
            0.0,
            1.0
        ]
    ],
    "Matrix2": [
        [
            600.461304,
            0.0,
            638.350037
        ],
        [
            0.0,
            600.208557,
            365.869995
        ],
        [
            0.0,
            0.0,
            1.0
        ]
    ],
    "Dist1": [
        [
            -11.834333465402244,
            74.51073224726764,
            0.010957562185388079,
            -0.009139644921330351,
            18.147895745131986,
            -11.77367672125563,
            73.71599377292648,
            23.227251060308454
        ]
    ],
    "Dist2": [
        [
            0.689488,
            -2.743512,
            0.001369,
            -0.000281,
            1.547884,
            0.56786,
            -2.581621,
            1.483074
        ]
    ],
    "R1": [
        [
            0.9885813213998567,
            0.051024256983759085,
            -0.14178679832258226
        ],
        [
            -0.05171212189871512,
            0.998661349481329,
            -0.0011685464747029583
        ],
        [
            0.14153737113584433,
            0.008487299416564863,
            0.9898965290981516
        ]
    ],
    "R2": [
        [
            0.9906283963315057,
            0.061652436653679386,
            -0.12187845353602599
        ],
        [
            -0.06106021640315817,
            0.9980971064457774,
            0.00859162833030371
        ],
        [
            0.1221762266337797,
            -0.0010691862469331351,
            0.9925078470653522
        ]
    ],
    "P1": [
        [
            477.32715351457557,
            0.0,
            768.6151733398438,
            0.0
        ],
        [
            0.0,
            477.32715351457557,
            375.3823184967041,
            0.0
        ],
        [
            0.0,
            0.0,
            1.0,
            0.0
        ]
    ],
    "P2": [
        [
            477.32715351457557,
            0.0,
            768.6151733398438,
            -110295.08055787974
        ],
        [
            0.0,
            477.32715351457557,
            375.3823184967041,
            0.0
        ],
        [
            0.0,
            0.0,
            1.0,
            0.0
        ]
    ],
    "ROI1": [
        516,
        211,
        387,
        280
    ],
    "ROI2": [
        166,
        102,
        805,
        546
    ]
}