{
    "Format": "OpenCV",
    "Matrix1": [
        [
            1249.9145266127932,
            0.0,
            469.8753920866311
        ],
        [
            0.0,
            1253.4275775780002,
            418.6849222590085
        ],
        [
            0.0,
            0.0,
            1.0
        ]
    ],
    "Matrix2": [
        [
            600.461304,
            0.0,
            638.350037
        ],
        [
            0.0,
            600.208557,
            365.869995
        ],
        [
            0.0,
            0.0,
            1.0
        ]
    ],
    "Dist1": [
        [
            -11.834333465402244,
            74.51073224726764,
            0.010957562185388079,
            -0.009139644921330351,
            18.147895745131986,
            -11.77367672125563,
            73.71599377292648,
            23.227251060308454
        ]
    ],
    "Dist2": [
        [
            0.689488,
            -2.743512,
            0.001369,
            -0.000281,
            1.547884,
            0.56786,
            -2.581621,
            1.483074
        ]
    ],
    "R1": [
        [
            0.9866475687070154,
            -0.019789567471898528,
            -0.16166306994428378
        ],
        [
            0.018257153687824317,
            0.9997732600133827,
            -0.010959238177545344
        ],
        [
            0.16184329304532322,
            0.007861398189137914,
            0.9867851574252409
        ]
    ],
    "R2": [
        [
            0.9944926074077513,
            -0.005985259764932662,
            -0.10463570364306021
        ],
        [
            0.0069743140601593884,
            0.9999343721058488,
            0.009089027707735139
        ],
        [
            0.10457443643033562,
            -0.009768733122979302,
            0.9944690840335106
        ]
    ],
    "P1": [
        [
            520.0962102922575,
            0.0,
            764.1171550750732,
            0.0
        ],
        [
            0.0,
            520.0962102922575,
            387.27700996398926,
            0.0
        ],
        [
            0.0,
            0.0,
            1.0,
            0.0
        ]
    ],
    "P2": [
        [
            520.0962102922575,
            0.0,
            764.1171550750732,
            -125643.36910833353
        ],
        [
            0.0,
            520.0962102922575,
            387.27700996398926,
            0.0
        ],
        [
            0.0,
            0.0,
            1.0,
            0.0
        ]
    ],
    "ROI1": [
        466,
        215,
        435,
        309
    ],
    "ROI2": [
        118,
        108,
        894,
        601
    ]
}