{
    "Error": 6.933637708578372,
    "Rotation": [
        [
            0.9997967042023729,
            0.009107871410714622,
            -0.01798880052807449
        ],
        [
            -0.009157035221870044,
            0.9999545553190718,
            -0.0026525464336451176
        ],
        [
            0.01796382398094563,
            0.0028167312621368784,
            0.9998346698594616
        ]
    ],
    "Translation": [
        [
            -234.3382752252862
        ],
        [
            -4.642574589045325
        ],
        [
            -19.24286507799502
        ]
    ]
}