{
    "Format": "OpenCV",
    "Matrix1": [
        [
            1249.9145266127932,
            0.0,
            469.8753920866311
        ],
        [
            0.0,
            1253.4275775780002,
            418.6849222590085
        ],
        [
            0.0,
            0.0,
            1.0
        ]
    ],
    "Matrix2": [
        [
            600.461304,
            0.0,
            638.350037
        ],
        [
            0.0,
            600.208557,
            365.869995
        ],
        [
            0.0,
            0.0,
            1.0
        ]
    ],
    "Dist1": [
        [
            -11.834333465402244,
            74.51073224726764,
            0.010957562185388079,
            -0.009139644921330351,
            18.147895745131986,
            -11.77367672125563,
            73.71599377292648,
            23.227251060308454
        ]
    ],
    "Dist2": [
        [
            0.689488,
            -2.743512,
            0.001369,
            -0.000281,
            1.547884,
            0.56786,
            -2.581621,
            1.483074
        ]
    ],
    "R1": [
        [
            0.9975377690432227,
            0.02904624625794462,
            0.06383349364238965
        ],
        [
            -0.028976592473180424,
            0.9995780556090881,
            -0.0020168870563350505
        ],
        [
            -0.0638651424559077,
            0.00016224388317371522,
            0.9979585248175442
        ]
    ],
    "R2": [
        [
            0.9964512352985405,
            0.019741116468372233,
            0.08182434840922777
        ],
        [
            -0.019830391879300868,
            0.9998033196677432,
            0.00027845874730881735
        ],
        [
            -0.08180275808263367,
            -0.001900079456959016,
            0.9966467270142071
        ]
    ],
    "P1": [
        [
            1661.5337411479493,
            0.0,
            489.62482833862305,
            0.0
        ],
        [
            0.0,
            1661.5337411479493,
            387.50418853759766,
            0.0
        ],
        [
            0.0,
            0.0,
            1.0,
            0.0
        ]
    ],
    "P2": [
        [
            1661.5337411479493,
            0.0,
            489.62482833862305,
            -390747.62249913166
        ],
        [
            0.0,
            1661.5337411479493,
            387.50418853759766,
            0.0
        ],
        [
            0.0,
            0.0,
            1.0,
            0.0
        ]
    ],
    "ROI1": [
        0,
        0,
        1024,
        768
    ],
    "ROI2": [
        0,
        0,
        1024,
        768
    ]
}